<Cases><Case><ILOCaseNo>1962 ILO SC 497</ILOCaseNo><Court>SUPREME COURT OF INDIA</Court><Petitioner>Bhiva Doulu Patil</Petitioner><Respondent>State of Maharashtra</Respondent><JudgmentDate>29/08/1962</JudgmentDate><JudgeName>J. L. Kapur</JudgeName><Bench>J. L. Kapur, A. K. Sarkar, M. Hidayatullah</Bench><ComparativeCitations><ComparativeCitation>1963 AIR(SC) 599</ComparativeCitation><ComparativeCitation>1963 (69) CRLJ 489</ComparativeCitation><ComparativeCitation>1963 (3) SCR 830</ComparativeCitation></ComparativeCitations><CasesFollowedUp><CaseFollowUp refType="Followed">Sevaka Perumal and AnotherState of Tamil Nadu<Reference>1991 ILO SC 683</Reference></CaseFollowUp><CaseFollowUp refType="Followed">Suresh Chandra BahriState of Bihar<Reference>1994 ILO SC 354</Reference></CaseFollowUp><CaseFollowUp refType="Referred">Naba Kumar Das and Others v State of Assam<Reference>2001 ILO GUW 126</Reference></CaseFollowUp><CaseFollowUp refType="Referred">State of Himachal Pradesh v Surinder Mohan and Others<Reference>2003 ILO HP 12</Reference></CaseFollowUp><CaseFollowUp refType="Referred">K. Hashim v State of Tamil Nadu<Reference>2004 ILO SC 973</Reference></CaseFollowUp><CaseFollowUp refType="Followed">Data Ram and Others v State of Rajasthan<Reference>1976 ILO RAJ 4</Reference></CaseFollowUp><CaseFollowUp refType="Followed">Buxa Dooars Tea Company Limited and Others v State of West Bengal and Others<Reference>1989 ILO SC 717</Reference></CaseFollowUp><CaseFollowUp refType="Followed">Banwari Lal v State of Himachal Pradesh<Reference>2003 ILO HP 35</Reference></CaseFollowUp><CaseFollowUp refType="Followed">Narayan Chetanram Chaudhary and Another v State of Maharashtra<Reference>2000 ILO SC 2831</Reference></CaseFollowUp><CaseFollowUp refType="Followed">Rabi Das and Others v State<Reference>1976 ILO ORI 47</Reference></CaseFollowUp><CaseFollowUp refType="Followed">Debu Saha v Collector of Customs (Preventive)<Reference>1991 ILO CEGAT 145</Reference></CaseFollowUp><CaseFollowUp refType="Followed">Ranjeet Singh and Another v State of Rajasthan<Reference>1988 ILO SC 15</Reference></CaseFollowUp></CasesFollowedUp><LegislationsReferred></LegislationsReferred><KeyWords><KeyWord></KeyWord></KeyWords><Held></Held><Result></Result><CasesReferredTo><CaseReferred refType="Referred">Rameshwar v State of Rajasthan<Reference>1951 ILO SC 24</Reference><OldRef /></CaseReferred></CasesReferredTo><CaseNo>Criminal Appeal No. 174 of 1961. (Appeal by special leave from the judgment and order dated April 12/13, 1961, of the Bombay High Court in Cr. A. No. 308 of 1961.), decided on August 29, 1962.</CaseNo><Lawyers></Lawyers><JudgmentText><Page>The Judgment was delivered by :<P/>1962. August 29. The Judgment of the Court was delivered by<P/>JUDGMENT<P/>KAPUR, J. for the This is an appeal against the judgment and order of the High Court of Bombay confirming the conviction of the appellant for an offence under s. 302, Indian Penal Code, read with s. 34 for the murder of one Lahu Vithu Patil on the night between May 23, and 24, 1960 at village Pasarde.<P/>Four persons Rama Krishna Patil accused No. 1, Bhiva Doulu Patil accused No. 2 (now appellant before us), Lahu Santu Patil accused No. 3 and Deoba approver P.W. 5 are alleged to have taken part in murder of Lahu Vithu Patil. Rama Krishna Patil accused No. 1 was convicted of murder and sentenced to death but on appeal his sentence was reduced to one of imprisonment for life. The appellant was convicted as above stated and sentenced to imprisonment for life. The third accused Lahu Santu Patil was acquitted and the 4th participant Deoba turned approver and is P.W. 5.<P/>The case for the prosecution was that the appellant had a suspicion that the deceased had a liaison with his wife. He, the appellant, approached the approver and suggested that the deceased should be killed. This was on March 16, 1960. On March 17, 1960, Rama Krishna Patil accused No. 1 and appellant got a knife prepared by Nanu Santu Sutar P.W. 7 from a crowbar. The deceased was a wrestler and he and his brother used to sleep in the fields and they also had dogs and for that reason the murder could not be committed for sometime. When rains set in, the deceased started sleeping at Patil's Talim (gymnasium). There, on the night of the murder the deceased was killed with the knife which was used by Rama Krishna Patil accused No. 1. At that time the appellant had a torch and two others Lahu Santu Patil and Deoba were unarmed. Two blows were given by accused No. 1 one on the throat and the second one on the left side of the chest. At the place of the occurrence the assailants left a towel and a patka (turban). Both these articles have been found to belong to accused No. 1 Rama Krishna Patil. Hearing the noise and growning of the deceased, Lahu Vithu Patil, other persons who were sleeping were awakened and one of them went and informed the brother of the deceased and then the first information report was made to the police but no names were mentioned therein. On June 6, 1960, Deoba was arrested on information received by Police Sub-Inspector Nandke. On June 25, 1960, as a result of a statement made by accused No. 1 the knife which is alleged to have been used for the murder was recovered. This knife is stated to be stained with blood but it has not been proved to be human blood. It may be stated that the knife was of rather unusually large dimensions. The two injuries on the deceased were very extensive and according to the medical evidence they could have been caused with the knife which was recovered.The question that arises in the present case is whether the statement of the approver has been corroborated in material particulars and qua the appellant. The trial court convicted the appellant on the testimony of the approver and found corroboration for the approver's testimony in the statement of Nanu Santu Sutar P.W. 7 who had prepared the knife alleged to have been used for the offence on March 17, 1960, and his motive to commit the murder because of the suspicion he had about his wife having a liaison with the deceased. These facts according to the learned Judge were sufficient to convict the appellant. The High Court on appeal found corroboration in material particulars; from the evidence of Santu P.W. 6 brother of Deoba to whom Deoba had made a confession of his participation in the offence; the discovery of the knife at the instance of accused No. 1 and the knife being found blood-stained and the unusual character of the knife which fitted in with the dimensions of the injuries caused to the deceased. From those facts the learned Judges came to the conclusion that the approver Deoba was giving a true version of the occurrence. With great respect to the High Court we are unable to agree because without corroboration of the approver qua the appellant the conviction is unsustainable, the law being that there should be corroboration of the approver in material particulars and qua each accused.<P/>The statement of Santu, brother of the approver is no corroboration of the approver. It only means that approver made a confessional statement to his brother. That cannot be called, in the circumstances of this case, to be a corroboration of the approver. The evidence of Nanu Santu Sutar P.W. 7 also cannot operate as a corroboration of the approver's story because the knife was got prepared by accused No. 1 and the appellant nine weeks before the murder and that fact by itself will not corroborate the charge under s. 302 read with s. 34 of the Indian Penal Code against the appellant. The time gap between the preparation of the knife and murder is great and it is possible in such circumstances that the appellant might have recented and not proceeded with the commission of the offence. The finding of the knife at the instance of the first accused also is no corroboration of the approver's story which would be sufficient to connect the appellant with the murder, under s. 34 of the Indian Penal Code. It may be that in this case the approver's evidence was sufficiently corroborated for the conviction of the first accused upon which we express no opinion but so far as the appellant is concerned we find that there is no corroboration of the approver's story and it is not sufficient that there is evidence to corroborate the participation of the first accused in the murder. It is also necessary for there being independent, corroboration of the participation of the appellant in the offence with which he has been charged. In these circumstances the conviction of the appellant is not sustainable.In coming to the above conclusion we have not been unmindful of the provisions of s. 133 of the Evidence Act which reads :-<P/>S. 133 <IB>"An accomplice shall be a competent witness against an accused person; and a conviction is not illegal merely because it proceeds upon the uncorroborated testimony of an accomplice"</IB> .<P/>It cannot be doubted that under that section a conviction based merely on the uncorroborated testimony of an accomplice may not be illegal, the courts nevertheless cannot lose sight of the rule of prudence and practice which in the words of Martin B in Res. v. Boyes ((1861) 9 Cox, Crime. Cas. 32.) "has become so hallowed as to be deserving of respect" and in the words of Lord Abinger "it deserves to have all the reverence of the law". This rule of guidance is to be found in illustration (b) to s. 114 of the Evidence which is as follows :-<P/> <IB>"The court may presume that an accomplice is unworthy of credit unless he is corroborated in material particulars"</IB> .<P/>Both sections are part of one subject and have to be considered together. The Privy Council in Bhuboni Sahu v. The King ((1949) L.R. 76. I.A. 147.) when its attention was drawn to the judgment of Madras High Court in re Rajagopal (I.L.R.<ILORef><OldReference> 1944 Mad. 308</OldReference><FormatedRef>1944 Mad 308</FormatedRef><NewRef></NewRef></ILORef>.) where conviction was based upon the evidence of an accomplice supported by the statement of a co-accused, said as follows :-<P/> <IB>"Their Lordships......................... would nevertheless observe that Courts should be slow to depart from the rule of prudence, based on long experience, which requires some independent evidence, implicating the particular accused. The danger of acting upon accomplice evidence is not merely that the accomplice is on his own admission a man of bad character who took part in the offence and afterwards to save himself betrayed his former associates, and who has placed himself in a position in which he can hardly fail to have a strong bias in favour of the prosecution; the real danger is that he is telling a story which in its general outline is true, and it is easy for him to work into the story matter which is untrue"</IB> .The combined effect of ss. 133 and 114, illustration (b) may be stated as follows : According to the former, which is a rule of law, an accomplice is competent to give evidence and according to the latter which is a rule of practice it is almost always unsafe to convict upon his testimony alone. Therefore though the conviction of an accused on the testimony of an accomplice cannot be said to be illegal yet the Courts will, as a matter of practice, not accept the evidence of such a witness without corroboration in material particulars. The law may be stated in the words of Lord Reading C.J. in R. v. Baskerville (<ILORef><OldReference>[1916] 2 K.B. 658</OldReference><FormatedRef>1916 (2) KB 658</FormatedRef><NewRef>1951 ILO SC 24</NewRef></ILORef>.) as follows :-<P/> <IB>"There is no doubt that the uncorroborated evidence of an accomplice is admissible in law (R. v. Attwood, 1787, Leach 464). But it has been long a rule of practice at common law for the judge to warn the jury of the danger of convicting a prisoner on the uncorroborated testimony of an accomplice, and in the discretion of the Judge, to advise them not to convict upon such evidence, but the judge should point out to the jury that it is within their legal province to convict upon such unconfirmed evidence (R. v. Stubbs, Dears 555; In re Heunier, 1894 2 Q.B. 415)"</IB> .<P/>We, therefore, allow this appeal, set aside the order of conviction and direct that the appellant be released forthwith.<P/></Page></JudgmentText><EditorsNote></EditorsNote><Laws></Laws><Industries></Industries><States></States></Case></Cases>