<Cases>
  <Case>
    <ILOCaseNo>1990 ILO SC 12</ILOCaseNo>
    <Court>SUPREME COURT OF INDIA</Court>
    <Petitioner>Kishore Chand</Petitioner>
    <Respondent>State of Himachal Pradesh</Respondent>
    <JudgmentDate>29/08/1990</JudgmentDate>
    <AssessYear>
    </AssessYear>
    <JudgeName>K. Ramaswamy</JudgeName>
    <Bench>K. Ramaswamy, P. B. Sawant</Bench>
    <ComparativeCitations>
      <ComparativeCitation>1990 (96) CRLJ 2289</ComparativeCitation>
      <ComparativeCitation>1990 AIR(SC) 2140</ComparativeCitation>
      <ComparativeCitation>1990 (3) Crimes 343</ComparativeCitation>
      <ComparativeCitation>1990 CAR 348</ComparativeCitation>
      <ComparativeCitation>1990 CrLR(SC) 608</ComparativeCitation>
      <ComparativeCitation>1990 (3) JT 662</ComparativeCitation>
      <ComparativeCitation>1990 (2) Scale 369</ComparativeCitation>
      <ComparativeCitation>1991 (1) SCC 286</ComparativeCitation>
      <ComparativeCitation>1991 SCC(Cr) 172</ComparativeCitation>
      <ComparativeCitation>1990 (S1) SCR 105</ComparativeCitation>
    </ComparativeCitations>
    <CasesFollowedUp>
    </CasesFollowedUp>
    <LegislationsReferred>
    </LegislationsReferred>
    <KeyWords>
      <KeyWord>Criminal</KeyWord>
      <KeyWord>Himachal Pradesh</KeyWord>
      <KeyWord>Age</KeyWord>
      <KeyWord>Believe</KeyWord>
      <KeyWord>Blood</KeyWord>
      <KeyWord>Chain</KeyWord>
      <KeyWord>Constitution</KeyWord>
      <KeyWord>Discovery</KeyWord>
      <KeyWord>Doctor</KeyWord>
      <KeyWord>Driver</KeyWord>
      <KeyWord>Identification</KeyWord>
      <KeyWord>Inference</KeyWord>
      <KeyWord>Innocence</KeyWord>
      <KeyWord>Innocent</KeyWord>
      <KeyWord>Liquor</KeyWord>
      <KeyWord>Proof</KeyWord>
      <KeyWord>Value</KeyWord>
      <KeyWord>Voluntary</KeyWord>
      <KeyWord>Additional Sessions Judge</KeyWord>
      <KeyWord>Benefit Of Doubt</KeyWord>
      <KeyWord>Charge-Sheet</KeyWord>
      <KeyWord>Circumstantial Evidence</KeyWord>
      <KeyWord>Common Intention</KeyWord>
      <KeyWord>Currency Notes</KeyWord>
      <KeyWord>Dead Body</KeyWord>
      <KeyWord>Defence Counsel</KeyWord>
      <KeyWord>Extra-Judicial Confession</KeyWord>
      <KeyWord>First Information Report</KeyWord>
      <KeyWord>Fundamental Right</KeyWord>
      <KeyWord>Further Investigation</KeyWord>
      <KeyWord>Human Blood</KeyWord>
      <KeyWord>Human Right</KeyWord>
      <KeyWord>Identification Parade</KeyWord>
      <KeyWord>Imprisonment For Life</KeyWord>
      <KeyWord>Indian Penal Code</KeyWord>
      <KeyWord>Investigating Agency</KeyWord>
      <KeyWord>Investigating Officer</KeyWord>
      <KeyWord>Judicial Confession</KeyWord>
      <KeyWord>Last Seen</KeyWord>
      <KeyWord>Legal Aid</KeyWord>
      <KeyWord>Maternal Uncle</KeyWord>
      <KeyWord>Panch Witnesses</KeyWord>
      <KeyWord>Personal Liberty</KeyWord>
      <KeyWord>Police Custody</KeyWord>
      <KeyWord>Prosecution Evidence</KeyWord>
      <KeyWord>Prosecution Story</KeyWord>
      <KeyWord>Reasonable Doubt</KeyWord>
      <KeyWord>Rigorous Imprisonment</KeyWord>
      <KeyWord>Appeal allowed</KeyWord>
    </KeyWords>
    <Held>
    </Held>
    <Result>Appeal allowed</Result>
    <CasesReferredTo>
    </CasesReferredTo>
    <CaseNo>Criminal Appeal No. 386 of 1978</CaseNo>
    <Lawyers>
    </Lawyers>
    <JudgmentText>
      <Page>The Judgment was delivered by K. RAMASWAMY, J.<P />The appellant, K. C. Sharma, alongwith two others was charged for the offence punishable under Sections 302 and 201 read with S. 34 of the Indian Penal Code for causing the death and concealing the dead body of Joginder Singh. The Additional Sessions Judge, Kangra Division at Dharamsala convicted all the accused under S. 302/34 and directed them to undergo imprisonment for life and to pay a fine of Rs. 500/- and also to the sentence of two years rigorous imprisonment and fine of Rs. 500/- for the offence of S. 201/34, in default of payment of fine for a further period of three months rigorous imprisonment. All the sentences were directed to run concurrently. On appeal the Division Bench of the High Court of Himachal Pradesh by judgment dated July 20, 1977 acquitted accused 2 and 3 of the offence under S. 302 IPC and confirmed the conviction and sentence of the appellant and set aside the sentence of fine. The leave having been granted by this Court, this appeal has been filed<P />2. The narrative of prosecution case runs thus : The deceased Joginder Singh, resident of Jogipura, Tah. Kangra on November 10, 1974, while going to Pathankot with some currency notes in his possession went on his way to Jassur Village to meet his friend one Bala Pahalwan. On enquiry the latter was said to be absent in the village. The deceased came in contact with the appellant and both went to the Dhaba of P.W. 7, Joginder Singh Paul to have some drink, but PW. 7 did not allow them to take liquor inside the Dhaba. Both of them sat in the back side of the Dhaba to have drink. P.W. 8 Tamil Singh and one Jai Onkar were also invited to have drink with them. All of them together consumed the liquor and ate meat. The deceased paid the price of the liquor and meat and when he had become tipsy, PW. 8 suggested to take the deceased to Pathankot or to keep him at Dhaba Beli where at he could make necessary arrangements for their stay but the appellant insisted upon taking the deceased to Kangra. Thereafter the appellant and the deceased boarded the Truck No. HPK 4179 driven by A. 2, Madho Ram, Driver and A. 3, Bihari Lal, Cleaner. P.W. 8 and the other left the place. The truck was loaded with the bricks and the appellant and the deceased sat on the bricks in the body of the truck and went towards Kangra side. P.W. 12, the Octroi Clerk at Nurpur states that the truck driven by A. 2 went towards Baijnath. P.W. 13, Burfiram, Chowkidar at Ichhi Marketing Co-op. Society spoke that he saw the truck driven by A. 2 and A. 3 and got unloaded the bricks at the godown of the said Society at about midnight but the deceased was not seen there. It is further the case of the prosecution that while the deceased or accused were going in the truck, there ensued a quarrel between them over some money matter and the appellant took iron-screw driver and gave blows on the head and face of the deceased. Consequently the deceased was half dead. He was thrown out of the truck but finding him not dead put him in the truck and all the accused severed the head with an iron saw and burried the trunk under stones in the outskirts of the village Dhadhu and carried the head with them in the truck. The head was hidden at a place between Guggal and Chaitru on the Kachcha road branching off the main road to the village Ichhi. On November 13, 1974, P.W. 6 Karrudi Ram, the Chowkidar of Mauza Bandi, during twilight, had gone to answer nature's call at the outskirts of the village Dhadhu and noticed the blood stains and a torn pant near the stones. On further probe the hand of the deceased was seen projecting from the stones and he noticed the dead body. He went and reported to Bidhu Ram, P.W. 10, the Pradhan of the village and two others. All of them went to the spot, noticed the dead body. P.W. 10 kept a watch during the night. On November 14, 1974 at about 7.00 or 8.00 a.m. P.W. 6 went to the Police Station and lodged the complaint. PW. 26, the A.S.I. recorded and issued the First Information Report and proceeded to the spot. He recovered the articles on and near the dead body under P.W. 11, Panchnama and conducted inquest and sent the dead body for post-mortem. The Doctor conducted autopsy. On November 15, 1974 the parents of the deceased came to the Police Station and identified the clothes of the deceased. On November 16, 1974, P.W. 27, the Sub-Inspector of the Police took over the investigation. He contacted one Kuldip Singh, a Conductor in Kapila Transport Company from whom he came to know that on November 10, 1974, the deceased and the appellant were seen consuming liquor at Jassur. Thereafter P.W. 27 and P.W. 10, Bidhu Ram, Pradhan of Guggal Panchayat went to the appellant's village Sahaura and was sent for the appellant. The appellant on coming to him was found to have shaved off his moustoches. P.W. 27 had enquired as to why he had removed his moustaches upon which the appellant was claimed to have replied that he had removed his moustaches due to demise of his maternal uncle. P.W. 10 and P.W. 27 took the appellant to Jassur for identification purposes. The appellant pointed out P.W. 7, the owner of the Dhaba and the latter identified the appellant as one seen in the company of the deceased and having consumed liquor. Equally of P.W. 8. Thereafter the appellant was taken back to P.W. 10's village and P.W. 27 left the village for further investigation. On enquiry made by P.W. 10, in the shop of one Mangath Ram and in the company of one Raghunath, to reveal the truth to him, the appellant was stated to have requested P.W. 10 whether he could save him if he would tell the truth. Thereupon P.W. 10 stated that he could not save him but if he would speak the truth he would help himself. Thereupon the appellant was stated to have made extra-judicial confession giving out the details of consuming liquor with the deceased; their going together on the truck, the quarrel that ensued between them; his hitting the deceased with the screw-driver, throwing the dead body, thinking that he died, on the road realising that he was not dead, lifting him and putting him in the body of the truck and all the accused cutting the head of the deceased with the saw blade and burrying the trunk under the stones and hiding the head at different place and thereby they had committed the crime. P.W. 10 gave this information to P.W. 27 on the next day, namely November 25, 1974. Thereon all the accused were arrested. On November 27, 1974, the Driver A. 2 was stated to have made a statement under S. 27 of the Evidence Act. Ex. P.W. 9/A leading to discovery of the hidden head at a place between Guggal and Chaitru. This statement had been made in the presence of P.W. 9 and another and the severed head was recovered under Memo Ex. PW. 9/B. This was in the presence of P.W. 10 and another. The head was sent to the doctor for post-mortem examination. The doctor verified and found it to be correct and the doctor correlated the trunk of the dead body and the head belonging to the deceased. On November 30, 1974 pursuant to statement made by the appellant and A. 3 under Ex. PW. 16/B leading to recovery of one iron-saw without handle and a piece of cloth wrapped to one of its sides was recovered from a bush near Kathman Mor and PW. 10 and another are Panch witnesses and found the saw blade contained with blood stains and a piece of cloth of torn pant. They were recovered under Ex. P.W. 16/C. The clothes of the appellant were also claimed to have been recovered from his house under Ex. P.W. 16/H which was stained with blood and the same were recovered in the presence of P.W. 16. The Serologist found the blood stains disintegrated on all the items. On the basis of this evidence the prosecution laid the charge-sheet against all the accused. As stated earlier the appellant now stands convicted and sentenced for the offences under Sections 302 and 201 I.P.C. The two others did not file appeal against their conviction under S. 201 I.P.C</Page>
      <Page>
        <P />3. The entire prosecution case rested on circumstantial evidence. As regards the appellant, the circumstances relied on by the prosecution are three, namely, (i) the appellant and the deceased were last seen together by P.W. 7, the owner of the liquor shop Dhaba and P.W. 8, the companion who had liquor with the deceased and the appellant; (ii) the extra judicial confession made to P.W. 10, the Pradhan of Guggal Gram Panchayat; and (iii) the discovery of saw blade pursuant to the statement made by the appellant and A. 3 under S. 27 of the Evidence Act<P />4. The question, therefore, is whether the prosecution proved guilt of the appellant beyond all reasonable doubt. In a case of circumstantial evidence, all the circumstances from which the conclusion of the guilt is to be drawn should be fully and cogently established. All the facts so established should be consistent only with the hypothesis of the guilt of the accused. The proved circumstances should be of a conclusive nature and definite tendency, unerringly pointing towards the guilt of the accused. They should be such as to exclude every hypothesis but the one proposed to be proved. The circumstances must be satisfactorily established and the proved circumstances must bring home the offences to the accused beyond all reasonable doubt. It is not necessary that each circumstance by itself be conclusive but cumulatively must form unbroken chain of events leading to the proof of the guilt of the accused. If those circumstances or some of them can be explained by any of the reasonable hypothesis then the accused must have the benefit of that hypothesis<P />5. In assessing the evidence imaginary possibilities have no role to play. What is to be considered are ordinary human probabilities. In other words when there is no direct witness to the commission of murder and the case rests entirely on circumstantial evidence, the circumstances relied on must be fully established. The chain of events furnished by the circumstances would be so far complete as not to leave any reasonable ground for conclusion consistent with the innocence of the accused. If any of the circumstances proved in a case are consistent with the innocence of the accused for the chain of the continuity of the circumstances is broken, the accused is entitled to the benefit of the doubt</Page>
      <Page>
        <P />6. In assessing the evidence to find these principles, it is necessary to distinguish between facts witch may be called primary or basic facts on one hand and inference of facts to be drawn from them, on the other. In regard to the proof of basic or primary facts, the court has to judge the evidence in the ordinary way and in appreciation of the evidence in proof of those basic facts or primary facts, there is no scope for the application of the doctrine of benefit of doubt. The court has to consider the evidence and decide whether the evidence proves a particular fact or not. Whether that fact leads to the inference of the guilt of the accused or not is another aspect and in dealing with this aspect of the problem, the doctrine of benefit would apply and an inference of guilt can be drawn only if the proved facts are inconsistent with the innocence of the accused and are consistent only with his guilt. There is a long distance between may be true and must be true. The prosecution has to travel all the way to establish fully all the chain of events which should be consistent only with hypothesis of the guilt of the accused and those circumstances should be of conclusive nature and tendency and they should be such as to exclude all hypothesis but the one proposed to be proved by the prosecution. In other words, there must be a chain of evidence so far consistent and complete as not to leave any reasonable ground for a conclusion consistent with the innosence of the accused and it must be such as to show that within all probability the act must have been done by the accused and the accused alone<P />7. The question emerges, therefore, is whether the prosecution has established the three circumstantial evidence heavily banked upon by the prosecution in proof of the guilt of the appellant. The first circumstance is that the deceased and the appellant were last seen together by PW. 7 and P.W. 8. From the evidence it is clear that there is no prior intimacy of the appellant and the deceased. They happened to meet per chance. Equally from the evidence it is clear that PW. 7, the liquor shop owner and P.W. 8 who had liquor with the appellant and the deceased are also absolute strangers to the deceased and the appellant. Admittedly there is no identification parade conducted by the prosecution to identify the appellant by P.W. 7 or P.W. 8. The appellant was stated to have pointed out to PW. 7 as the one that sold the liquor and P.W. 8 consumed it with him and the deceased. Therefore it is not reasonably possible to accept the testimony of P.W. 7 and P.W. 8 when they professed that they have seen the appellant and the deceased together consuming the liquor. It is highly artificial and appears on its face a make believe story. The next piece of evidence is the alleged extra-judicial confession made by the appellant to P.W. 10. An unambiguous extra-judicial confession possesses high probative value force as it emanates from the person who committed the crime and is admissible in evidence provided it is free from suspicion and suggestion of its falsity. But in the process of the proof of the alleged confession the court has to be satisfied that it is a voluntary one and does not appear to be the result of inducement threat or promise envisaged under S. 24 of the Evidence Act or was brought about in suspicious circumstances to circumvent Ss. 25 and 26 of the Evidence Act. Therefore, the court has to look into the surrounding circumstances and to find whether the extra judicial confession is not inspired by any improper or collaterla consideration or circumvention of the law suggesting that it may not be true one. For this purpose the court must scrutinise all the relevant facts such as the persons to whom, the confession is made, the time and place of making it the circumstances in which it was made and finally the actual words used by the accused. Extra-judicial confession if found to be voluntary, can be relied upon by the court alongwith other evidence on record. Therefore, even the extra-judicial confession will also have to be proved like any other fact. The value of the evidence as to the confession depends upon the veracity of the witness to whom it is made and the circumstances in which it came to be made and the actual words used by the accused. Sometimes it may not be possible to the witness to reproduce the actual words in which the confession was made. For that reason the law insists on recording the statement by a Judicial Magistrate after administering all necessary warnings to the accused that it would be used as evidence against him</Page>
      <Page>
        <P />8. Admittedly P.W. 10 and the appellant do not belong to the same village. From the narrative of the prosecution story it is clear that P.W. 27, and P.W. 10 came together and apprehended the appellant from his village and was taken to Jassur for identification. After he was identified by P.W. 7 and P.W. 8 it was stated that he was brought back to Gaggal village of P.W. 10 and was kept in his company and P.W. 27 left for further investigation. Section 25 of the Evidence Act provides that no confession made to a police officer shall be proved as against a person accused of any Offence. Section 26 provides that no confession made by an person while he is under custody of the police officer, unless it be made in the immediate presence of a magistrate, shall be proved as against such person. Therefore, the confession made by an accused person to a police officer is irrelevant by operation of Section 25 and it shall be proved against the appellant. Likewise the confession made by the appellant while he is in the custody of the police shall not be proved against the appellant unless it is made in the immediate presence of the magistrate, by operation of S. 26 thereof. Admittedly the appellant did not make any confession in the presence of the magistrate. The question, therefore, is whether the appellant made the extra judicial confession while he was in the police custody. It is incredible to believe that the police officer, P.W. 27, after having got identified the appellant by PW. 7, and P.W. 8 as the one last seen the deceased in his company would have left the appellant without taking him into custody. It is obvious, that with a view to avoid the rigour of Sections 25 and 26, P.W. 27 created an artificial scenario of his leaving for further investigation and kept the appellant in the custody of P.W. 10, the Pradhan to make an extra judicial the Pradhan to make an extra judicial confession. Nothing prevented P.W. 27 to take the appellant to a Judicial Magistrate take the appellant to a Judicial Magistrate and had his confession recorded as provided under Section 164 of the Cr.P.C. which possesses great probative value and affords an unerring assurance to the court. It is too incredulous to believe that for mere asking to tell the truth the appellant made voluntarily confession to P.W. 10 and that too sitting in a hotel. The other person in whose presence it was stated to have been made was not examined to provide any corroboration to the testimony of P.W. 10. Therefore, it would be legitimate to conclude that the appellant was taken into the police custody and while the accused was in the custody, the extra-judicial confession was obtained through P.W. 10 who accommodated the prosecution. Thereby we can safely reach an irresistible conclusion that the alleged extra-judicial confession statement was made while the appellant was in the police custody. It is well settled law that Sections 25 and 26 shall be construed strictly. Therefore, by operation of Section 26 of the appellant to P.W. 10 while he was in the custody of the police officer (PW. 27) shall not be proved against the appellant. In this view it is unnecessary to go into the voluntary nature of the confession etc</Page>
      <Page>
        <P />9. The third circumstance relied on is the statement said to have been made by the appellant under Section 27 of the Evidence Act leading to discovery of the consequential information, namely, saw blade, is not of a conclusive nature connecting the appellant with the crime. The recoveries were long after the arrest of the appellant. The blood stains on all the articles were disintegrated. So it was not possible to find whether it is human blood or not. Moreover, from the prosecution evidence it is clear that the deceased himself was an accused in an earlier murder case and it is obvious that he had enemies at his back. Absolutely no motive to commit crime was attributed to the appellant<P />10. No doubt the appellant and two others have been charged for an offence under Sections 302 and 201 read with Section 34, namely, common intention to commit the offences and A. 2 and S. 3 were acquitted of the charge under Section 302/34, I.P.C. and that there is no independent charge under Section 302, I.P.C. if, from the evidence, it is established that any one of the accused have committed the crime individually, though the other accused were acquitted, even without any independent charge under Section 302, the individual accused would be convicted under Section 302, I.P.C. simplicitor. The omission to frame an independent charge under Section 302, I.P.C. does not vitiate the conviction and sentence under Section 302, I.P.C<P />11. Thus considered we find that the prosecution has utterly failed to prove any one of the three circumstances against the appellant and the chain of circumstances was broken at every stage without connecting the accused to the commission of the alleged crime as the prosecution failed to prove as a primary fact all the three circumstances, much less beyond all reasonable doubt bringing home the guilt to the accused, and to prove that the accused alone had committed the crime. Therefore, the appellant is entitled to the benefit of doubt. The conviction and sentence of the appellant for the offences under Section 302 or Section 201 of I.P.C. are set aside. The appellant is on bail granted by this Court after nine years incarceration. The bail bond shall stand cancelled. He shall remain at liberty unless he is required in any other case</Page>
      <Page>
        <P />12. Before parting with the case, it is necessary to state that from the facts and circumstances of this case it would appear that the investigating officer has taken the appellant, a peon, the driver and the clearer for ride and trampled upon their fundamental personal liberty and lugged them in the capital offence punishable under Section 302, I.P.C. by freely fabricating evidence against the innocent. Undoubtedly heinous crimes are committed under great secrecy and that investigation of a crime is a difficult and tedious task. At the same time the liberty of a citizen is a precious one guaranteed by Art. 3 of Universal Declaration of Human Rights and also Art. 21 of the Constitution of India and its deprivation shall be only in accordance with law. The accused has the fundamental right to defend himself under Art. 10 of Universal Declaration of Human Rights. The right to defence includes right to effective and meaningful defence at the trial. The poor accused cannot defend effectively and adequately. Assigning an experienced defence counsel to an indigent accused is a facet for fair procedure and an in built right to liberty and life envisaged under Arts. 14, 19 and 21 of the Constitution. Weaker the person accused of an offence, greater the caution and higher the responsibility of the law enforcement agencies. Before accusing an innocent person of the commission of a grave crime like the one publishable under Section 302, I.P.C., an honest, sincere and dispassionate investigation has to be made and to feel sure that the person suspected of the crime alone was responsible to commit the offence. Indulging in free fabrication of the record is a deplorable conduct on the part of an investigating officer which under-mines the public confidence reposed in the investigating agency. Therefore, greater care and circumspection are needed by the investigating agency in this regard. It is time that the investigating agencies, evolve new and scientific investigating methods, taking aid of rapid scientific development in the field of investigation. It is also the duty of the State, i.e. Central or State Governments to organise periodical refresher courses for the investigating officers to keep them abreast of the latest scientific development in the art of investigation and the march of law so that the real offender would be brought to book and the innocent would not be exposed to prosecution</Page>
      <Page>
        <P />13. Though Art. 39A of the Constitution provides fundamental rights to equal justice and free legal aid and though the State provides amicus curiae to defend the indigent accused, he would me meted out with unequal defence if, as is common knowledge the youngster from the Bar who has either a little experience or no experience is assigned to defend him. It is high time that senior counsel practising in the court concerned, volunteer to defend such indigent accused as a part of their professional duty. If these remedial steps are taken and an honest and objective investigation is done, it will enhance a sense of confidence of the public in the investigating agency<P />14. We fervently hope and trust that concerned authorities and Senior Advocates would take appropriate steps in this regard<P />15. The appeal is accordingly allowed<P /></Page>
    </JudgmentText>
    <EditorsNote>
    </EditorsNote>
    <Laws>
      <Law>Criminal</Law>
    </Laws>
    <Industries>
    </Industries>
    <States>
      <State>Himachal Pradesh</State>
    </States>
  </Case>
</Cases>